{
  "rules": [
    {
      "rule-type": "selection",
      "rule-id": "1",
      "rule-name": "ACCOUNTS",
      "object-locator": {
        "schema-name": "STX",
        "table-name": "ACCOUNTS"
      },
      "rule-action": "include",
      "filters": []
    },
    {
      "rule-type": "selection",
      "rule-id": "2",
      "rule-name": "ACCOUNTS_INFO",
      "object-locator": {
        "schema-name": "STX",
        "table-name": "ACCOUNTS_INFO"
      },
      "rule-action": "include",
      "filters": []
    },
    {
      "rule-type": "selection",
      "rule-id": "3",
      "rule-name": "AUTHORIZATIONS",
      "object-locator": {
        "schema-name": "STX",
        "table-name": "AUTHORIZATIONS"
      },
      "rule-action": "include",
      "filters": []
    },
    {
      "rule-type": "selection",
      "rule-id": "4",
      "rule-name": "CLIENTS",
      "object-locator": {
        "schema-name": "STX",
        "table-name": "CLIENTS"
      },
      "rule-action": "include",
      "filters": []
    },
    {
      "rule-type": "selection",
      "rule-id": "5",
      "rule-name": "CLIENTS_SUPP",
      "object-locator": {
        "schema-name": "STX",
        "table-name": "CLIENTS_SUPP"
      },
      "rule-action": "include",
      "filters": []
    },
    {
      "rule-type": "selection",
      "rule-id": "6",
      "rule-name": "PAYOR_DATA_VAIDATION",
      "object-locator": {
        "schema-name": "STX",
        "table-name": "PAYOR_DATA_VALIDATION"
      },
      "rule-action": "include",
      "filters": []
    },
    {
      "rule-type": "selection",
      "rule-id": "7",
      "rule-name": "VISITS",
      "object-locator": {
        "schema-name": "STX",
        "table-name": "VISITS"
      },
      "rule-action": "include",
      "filters": []
    },
    {
      "rule-type": "selection",
      "rule-id": "8",
      "rule-name": "WORKERS",
      "object-locator": {
        "schema-name": "STX",
        "table-name": "WORKERS"
      },
      "rule-action": "include",
      "filters": []
    },
    {
      "rule-type": "selection",
      "rule-id": "9",
      "rule-name": "WORKERS_SUPP",
      "object-locator": {
        "schema-name": "STX",
        "table-name": "WORKERS_SUPP"
      },
      "rule-action": "include",
      "filters": []
    }
  ]
}
